{"pixels": [55062079.0, 13493.0, 22564.0, 34127.0, 52809.0, 86430.0, 134294.0, 178882.0, 253555.0, 353506.0, 492092.0, 669912.0, 903650.0, 1173638.0, 1652578.0, 2153991.0, 2812848.0, 3675386.0, 4436650.0, 5390058.0, 6549702.0, 8648561.0, 11864257.0, 17812876.0, 30643155.0, 47174411.0, 54266938.0, 57722979.0, 60846944.0, 60217451.0, 60875200.0, 60133840.0, 60018494.0, 58425113.0, 57379919.0, 55356484.0, 54130099.0, 52788806.0, 51622857.0, 49427162.0, 48065597.0, 46426093.0, 43841719.0, 41993378.0, 40484373.0, 37642586.0, 35648510.0, 33174572.0, 31955311.0, 29175962.0, 28002588.0, 25672105.0, 24062458.0, 22659212.0, 20692579.0, 20015896.0, 18480472.0, 16745690.0, 16104678.0, 15191152.0, 13695683.0, 12910926.0, 12604379.0, 11596598.0, 10524778.0, 9823161.0, 9479913.0, 8921336.0, 7958366.0, 7097874.0, 6487571.0, 6086232.0, 5615276.0, 5138340.0, 4519075.0, 3902401.0, 3350841.0, 2693363.0, 1957555.0, 939934.0], "pictures": [22285.0, 332.0, 467.0, 611.0, 856.0, 1182.0, 1547.0, 1981.0, 2384.0, 2894.0, 3390.0, 4034.0, 4749.0, 5443.0, 6242.0, 7010.0, 7862.0, 8683.0, 9671.0, 10961.0, 13059.0, 15912.0, 18306.0, 20483.0, 22171.0, 22277.0, 22285.0, 22285.0, 22285.0, 22284.0, 22285.0, 22285.0, 22285.0, 22285.0, 22285.0, 22285.0, 22285.0, 22285.0, 22283.0, 22279.0, 22278.0, 22273.0, 22273.0, 22272.0, 22277.0, 22277.0, 22271.0, 22266.0, 22264.0, 22261.0, 22259.0, 22251.0, 22236.0, 22219.0, 22211.0, 22173.0, 22145.0, 22133.0, 22118.0, 22101.0, 22070.0, 22040.0, 21991.0, 21951.0, 21926.0, 21869.0, 21768.0, 21648.0, 21527.0, 21387.0, 21270.0, 21112.0, 20871.0, 20641.0, 20404.0, 20015.0, 19536.0, 18997.0, 18175.0, 16677.0], "ratio": [0.005446879561842882, 8.959385887981183e-05, 0.00010651407893880935, 0.00012313023489310325, 0.00013600096338200652, 0.0001611962157999372, 0.00019137010788483776, 0.0001990627374679623, 0.00023446268481823625, 0.00026928122132127496, 0.0003200032670647231, 0.0003660915199945999, 0.00041947481298497755, 0.00047533920344201836, 0.0005836412895000905, 0.0006773820314136758, 0.0007887166895559217, 0.0009331274416206271, 0.0010113269761065605, 0.0010840543749226514, 0.0011056544665025288, 0.0011981933048769244, 0.0014287455587556161, 0.0019171155305771853, 0.0030468845719585132, 0.0046682874226165166, 0.0053682222110791504, 0.005710102492929587, 0.006019132980325686, 0.00595712926265678, 0.006021928135025519, 0.0059485909362617774, 0.0059371806193730834, 0.005779559356958913, 0.005676166133525399, 0.005476002846080012, 0.00535468575248733, 0.005222001670069321, 0.005107121403939899, 0.004890776166889189, 0.004756263940113375, 0.004595060414372585, 0.004339269890209077, 0.0041565154492189775, 0.004006254350232708, 0.003725036668259845, 0.003528657203144314, 0.0032845125797474595, 0.0031640814968049652, 0.0028892712810035647, 0.0027733221926864076, 0.0025434297825266856, 0.002385564312411918, 0.002248164571226701, 0.0020537818690718693, 0.0019900243229043764, 0.001839692256016225, 0.001667902151586395, 0.0016051439932353326, 0.001515258016772309, 0.0013680096718604626, 0.001291378666202137, 0.0012635262842284356, 0.0011646196097877483, 0.0010581843639396414, 0.000990216464827744, 0.0009600495064400955, 0.0009084895220652989, 0.0008149823495414384, 0.0007316210997061472, 0.0006723918482892476, 0.0006355166477796843, 0.0005931105580994048, 0.0005487820652099164, 0.00048824976167454197, 0.0004298175116513239, 0.00037811680527499936, 0.0003125486826442099, 0.00023743643295714311, 0.000124247379128798], "median": 0.0013296941690312998, "weights": [0.24412035440368995, 14.84135392376675, 12.483740950294354, 10.799087406807004, 9.777093749669891, 8.24891677780824, 6.948285621657694, 6.679774356289581, 5.6712400528132045, 4.937938718886245, 4.155251854857966, 3.632135945271045, 3.169902287026991, 2.797358516618744, 2.2782729614113317, 1.9629900224195027, 1.6858958186620465, 1.4249866735479644, 1.3148014444847498, 1.2265936098695926, 1.2026308483494546, 1.1097492897173906, 0.9306724776029496, 0.6935910474998704, 0.4364110742063927, 0.2848355400289434, 0.24769730401379886, 0.23286695303241323, 0.2209112464166479, 0.22321056173259507, 0.2208087076458718, 0.22353094762755837, 0.22396053855806466, 0.230068433751835, 0.23425920555384497, 0.24282203760780716, 0.24832347414853195, 0.25463304170365164, 0.26036079111131066, 0.27187794404360577, 0.2795669428302593, 0.2893746869730456, 0.3064326955167178, 0.31990598501953205, 0.3319045803854323, 0.3569613637259758, 0.37682724404241835, 0.40483759362965743, 0.4202464981935522, 0.460217833394115, 0.47945895811812533, 0.5227957060840733, 0.5573918766779824, 0.5914576655328031, 0.6474369011896116, 0.668179857767092, 0.7227807611207191, 0.7972255253502641, 0.8283955673977663, 0.8775364685835594, 0.971991789519255, 1.0296702306085372, 1.0523676362168193, 1.1417411812889158, 1.2565808136503, 1.3428318112874549, 1.3850266680120096, 1.4636318160373083, 1.6315619225121518, 1.8174628500536225, 1.9775584317603085, 2.092304227870152, 2.2418993404741316, 2.422991298964324, 2.7233892843508416, 3.0936249291535916, 3.51662277497619, 4.254358577940188, 5.600211191141451, 10.701989678614506]}