{"pixels": [18875656.0, 6530842.0, 7348812.0, 8150102.0, 9106696.0, 10018138.0, 11273470.0, 14453730.0, 16010557.0, 17254767.0, 20549894.0, 22471122.0, 23564217.0, 24903009.0, 30055649.0, 31453615.0, 37164256.0, 39179810.0, 41422034.0, 42832964.0, 48788145.0, 56306802.0, 52636873.0, 63634088.0, 58813304.0, 63747250.0, 69100700.0, 71225088.0, 75487984.0, 81257001.0, 87715379.0, 90224255.0, 96867463.0, 94269543.0, 99285830.0, 100040394.0, 95265606.0, 99597077.0, 102949517.0, 93626005.0, 98465549.0, 99671734.0, 95973965.0, 86967832.0, 94102839.0, 91178841.0, 83672160.0, 88466338.0, 80853118.0, 78226810.0, 72664630.0, 68780135.0, 67681759.0, 64870736.0, 59609328.0, 48419654.0, 54709335.0, 41247076.0, 41964764.0, 40555286.0, 32190386.0, 30914382.0, 25865798.0, 25869984.0, 22741751.0, 22008129.0, 19117068.0, 16139029.0, 15901617.0, 12786942.0, 10657761.0, 9876446.0, 8321914.0, 8988091.0, 6326041.0, 7103775.0, 6117011.0, 5710790.0, 6416913.0, 18542639.0], "pictures": [12380.0, 1616.0, 1996.0, 2339.0, 2681.0, 3031.0, 3419.0, 3833.0, 4260.0, 4653.0, 5099.0, 5562.0, 6037.0, 6485.0, 7000.0, 7436.0, 7874.0, 8269.0, 8688.0, 9051.0, 9413.0, 9794.0, 10105.0, 10450.0, 10677.0, 10917.0, 11150.0, 11350.0, 11533.0, 11651.0, 11775.0, 11865.0, 11915.0, 11901.0, 11852.0, 11798.0, 11736.0, 11669.0, 11588.0, 11495.0, 11388.0, 11266.0, 11130.0, 10980.0, 10854.0, 10665.0, 10470.0, 10227.0, 9989.0, 9744.0, 9453.0, 9163.0, 8851.0, 8507.0, 8156.0, 7820.0, 7520.0, 7165.0, 6881.0, 6543.0, 6224.0, 5952.0, 5614.0, 5287.0, 4996.0, 4727.0, 4426.0, 4187.0, 3954.0, 3720.0, 3500.0, 3251.0, 3027.0, 2804.0, 2588.0, 2388.0, 2149.0, 1991.0, 1834.0, 1694.0], "ratio": [0.004963181963516424, 0.013155477290893152, 0.01198492688502004, 0.011342573727198232, 0.011057140137386547, 0.010759197064362697, 0.0107333996752218, 0.012274954955322203, 0.012234201541715572, 0.012071322013351602, 0.013119079466153495, 0.013151417402687882, 0.01270605193753106, 0.01250030569342714, 0.013976771298363095, 0.01376924013736664, 0.015364159999153332, 0.015423684122677066, 0.015519952838445749, 0.015404952088627407, 0.016871940526067674, 0.01871455698322953, 0.016956357014369948, 0.01982222139154705, 0.017931025315319534, 0.019008022297983266, 0.020173737621449927, 0.020427533039647578, 0.021306608391861038, 0.02270264070010085, 0.024248987913570417, 0.024753370985654586, 0.02646443749781438, 0.025784976216546927, 0.027269326796989256, 0.027602332956327344, 0.026423772540154225, 0.027783806240983946, 0.028919755406544845, 0.026513453822767145, 0.028145932178700532, 0.028799241888388366, 0.028069654146544623, 0.025783097582726167, 0.028222254072519347, 0.027829922461029066, 0.026014356494746895, 0.028158439491256803, 0.026348357542254813, 0.026133473296601328, 0.025022586386817237, 0.024434537664497616, 0.024891902147944678, 0.02482282360604992, 0.023791169844286416, 0.020155506547048167, 0.023682218511053857, 0.018739403422307514, 0.019852354233275204, 0.02017666283782923, 0.01683586323271476, 0.016907384728872647, 0.014997962450644223, 0.015928161055418954, 0.014817681619253736, 0.015155710793711656, 0.014060108238251243, 0.012547385166636813, 0.013091319213928932, 0.011189290364583333, 0.009912352120535714, 0.009889230797575106, 0.008949310803463275, 0.010434418232510104, 0.007956947983078954, 0.009683529136568258, 0.009265772537129673, 0.00933692174681902, 0.011389524902876227, 0.0356317314018841], "median": 0.016931870871621298, "weights": [3.411495084420607, 1.287058652242313, 1.4127638019039102, 1.4927715066132259, 1.5313065278399642, 1.5737113810940526, 1.5774937469913426, 1.3793835442369538, 1.383978416072994, 1.4026525721783942, 1.2906294923591701, 1.2874559717160805, 1.3325831623281847, 1.3545165443853382, 1.2114293430274767, 1.2296881093439562, 1.10203687494496, 1.09778381980261, 1.090974376525035, 1.0991186973000149, 1.0035520718829603, 0.9047433442744207, 0.9985559313991856, 0.854186346583824, 0.944277896766751, 0.8907749899587267, 0.839302621524051, 0.8288749717725783, 0.794676964076983, 0.7458106347754552, 0.6982506210968807, 0.6840228299181509, 0.6397971191724612, 0.6566564471273645, 0.6209126832383228, 0.6134217313591229, 0.6407817371986231, 0.6094150932655534, 0.5854776651323074, 0.6386143044510434, 0.6015743505711462, 0.5879276592502284, 0.6032091020154451, 0.6567042930856026, 0.5999475034174626, 0.6084052478166772, 0.6508664119768008, 0.6013071454786635, 0.6426158004144162, 0.6478997521474995, 0.6766634995230386, 0.6929482809990963, 0.6802160305382432, 0.6821089792337159, 0.7116871924516811, 0.8400617881817026, 0.7149613480560623, 0.9035437516364839, 0.8528898221673485, 0.8391809392718665, 1.0057025670486548, 1.0014482513494138, 1.1289447434837394, 1.0630147957890512, 1.1426801645960887, 1.1171941126408005, 1.204248970541868, 1.3494342165125148, 1.2933662830256316, 1.513221153435659, 1.708158736264326, 1.712152463442666, 1.8919748395674076, 1.6226942886827498, 2.127935347526236, 1.7485227371992786, 1.8273566293336194, 1.8134318066218975, 1.486617836653173, 0.47519079779339574]}